Workbook
Name Impact: [1]Data!$D$2:$D$4
Name Importance: [1]Data!$B$2:$B$4
Name Location: [1]Data!$E$2:$E$3
Name Prioirty: [1]Data!$C$2:$C$4
Name RiskLevels: #REF!
Name Status: [1]Data!$A$2:$A$3

Sheet Summary
A1: Group Name | B1: PL2 Guardian | E1: Priority
E2: Name | F2: Description | G2: Number
A3: Students | B3: Eduardo Marques | E3: High | G3: =COUNTIF(ASR[Priority],Table9[[#This Row],[Name]]) -> 11 | H3: Must
B4: João Cardoso | E4: Medium | G4: =COUNTIF(ASR[Priority],Table9[[#This Row],[Name]]) -> 9 | H4: Should
B5: Tiago Marques | E5: Low | G5: =COUNTIF(ASR[Priority],Table9[[#This Row],[Name]]) -> 3 | H5: Could
G6: =COUNTIF(ASR[Priority],Table9[[#This Row],[Name]]) -> 0 | H6: Wont
A8: Architecture Significant Requirements | E8: Architecture elements
A9: ID | B9: Type | C9: Number | E9: ID | F9: Type | G9: Number
A10: AC | B10: Actor | C10: =COUNTIF(ASR[Type],Table3[[#This Row],[ID]]) -> 3 | E10: COMP | F10: Component | G10: =COUNTIF(Arch[Type],Table4[[#This Row],[ID]]) -> 10
A11: UC | B11: Use Case | C11: =COUNTIF(ASR[Type],Table3[[#This Row],[ID]]) -> 10 | E11: CONN | F11: Connector | G11: =COUNTIF(Arch[Type],Table4[[#This Row],[ID]]) -> 0
A12: QAS | B12: Quality Atribute Scenario | C12: =COUNTIF(ASR[Type],Table3[[#This Row],[ID]]) -> 7 | G12: =COUNTIF(Arch[Type],Table4[[#This Row],[ID]]) -> 0
A13: TC | B13: Technical Constraint | C13: =COUNTIF(ASR[Type],Table3[[#This Row],[ID]]) -> 4 | G13: =COUNTIF(Arch[Type],Table4[[#This Row],[ID]]) -> 0
A14: BC | B14: Business Constraint | C14: =COUNTIF(ASR[Type],Table3[[#This Row],[ID]]) -> 2 | G14: =COUNTIF(Arch[Type],Table4[[#This Row],[ID]]) -> 0
C15: =COUNTIF(ASR[Type],Table3[[#This Row],[ID]]) -> 0 | G15: =COUNTIF(Arch[Type],Table4[[#This Row],[ID]]) -> 0
C16: =COUNTIF(ASR[Type],Table3[[#This Row],[ID]]) -> 0 | G16: =COUNTIF(Arch[Type],Table4[[#This Row],[ID]]) -> 0
C17: =COUNTIF(ASR[Type],Table3[[#This Row],[ID]]) -> 0 | G17: =COUNTIF(Arch[Type],Table4[[#This Row],[ID]]) -> 0
C18: =COUNTIF(ASR[Type],Table3[[#This Row],[ID]]) -> 0 | G18: =COUNTIF(Arch[Type],Table4[[#This Row],[ID]]) -> 0
C19: =COUNTIF(ASR[Type],Table3[[#This Row],[ID]]) -> 0 | G19: =COUNTIF(Arch[Type],Table4[[#This Row],[ID]]) -> 0
A21: Tipe | B21: Status | C21: Number
A22: Risks | B22: Open | C22: =COUNTIF(Risks[#All],Table11[[#This Row],[Status]]) -> 0
B23: Closed | C23: =COUNTIF(Risks[#All],Table11[[#This Row],[Status]]) -> 5
A24: Issues | B24: Open | C24: =COUNTIF(Issues[#All],Table11[[#This Row],[Status]]) -> 1
B25: Closed | C25: =COUNTIF(Issues[#All],Table11[[#This Row],[Status]]) -> 0
A26: Assumptions | B26: Open | C26: =COUNTIF(Assumptions[#All],Table11[[#This Row],[Status]]) -> 0
B27: Closed | C27: =COUNTIF(Assumptions[#All],Table11[[#This Row],[Status]]) -> 0
A28: Dependencies | B28: Open | C28: =COUNTIF(Dependencies[#All],Table11[[#This Row],[Status]]) -> 0
B29: Closed | C29: =COUNTIF(Dependencies[#All],Table11[[#This Row],[Status]]) -> 0

Sheet Risks
B1: Project Name: | D1: =Summary!B1 -> PL2 Guardian
B2: Risk Register
B3: Last Reviewed: | D3: 46025
B4: Events that will have a negative impact on your project if they occur. Risk refers to the combined likelihood the event will occur and the impact on the project if it does occur. If the likelihood of the event happening and impact to the project are both high, you identify the event as a serious risk. The log includes a description of each risk, analysis and a plan to manage it.
B5: ID | C5: Date Raised | D5: Risk Description | E5: Likelihood | F5: Impact | G5: Severity | H5: Mitigation Plan | I5: Owner | J5: Status | K5: Date Closed
B6: 1 | D6: Falhas na Deteção de Anomalias - O modelo de machine learning pode gerar falsos positivos (alertas desne- cessários) ou falsos negativos (não detetar situações críticas), afetando a confiança do sistema. | E6: 3 | F6: 4 | G6: =SUM(E6*F6) -> 12 | H6: Período de aprendizagem inicial obrigatório de pelo menos 1 semana | J6: Closed
B7: 2 | D7: Indisponibilidade de Serviços Cloud - falhas em serviços externos (notificações push, processamento de ML avançado) podem comprometer funcionalidades críticas como alertas ao Cuidador. | E7: 1 | F7: 4 | G7: =SUM(E7*F7) -> 4 | H7: Implementação de mecanismos de fallback locais para funcionalidades críticas | I7: Provedor da Serviços Cloud | J7: Closed
B8: 3 | D8: Exposição de Dados Sensíveis - Descrição: Dados comportamentais do Idoso podem ser expostos através de vulne- rabilidades na API ou configurações inadequadas de permissões. | E8: 1 | F8: 5 | G8: =SUM(E8*F8) -> 5 | H8: mplementação de autenticação robusta (UC-08), controlo de acesso baseado em roles (RBAC), protocolo criptográfico que garante a segurança das comunicações (TLS) | J8: Closed
B9: 4 | D9: Ataques à Infraestrutura Local - Dispositivos IoT e o hub local podem ser comprometidos através da rede doméstica, permitindo acesso não autorizado ou manipulação de automações. | E9: 1 | F9: 4 | G9: =SUM(E9*F9) -> 4 | H9: Segmentação de rede | J9: Closed
B10: 5 | D10: Falha do Plugin Manager - Se este componente falhar, o sistema perde a capacidade de detetar e reiniciar plugins falhados automaticamente, comprometendo a fiabilidade global | E10: 1 | F10: 5 | G10: =SUM(E10*F10) -> 5 | H10: Implementação de um watchdog externo ao nível do sistema operativo. Manter o Plugin Manager com código minimalista e altamente testado | J10: Closed
B11: 6 | G11: =SUM(E11*F11) -> 0
B12: 7 | G12: =SUM(E12*F12) -> 0
B13: 8 | G13: =SUM(E13*F13) -> 0
B14: 9 | G14: =SUM(E14*F14) -> 0
B15: 10 | G15: =SUM(E15*F15) -> 0

Sheet Issues
B1: Project Name: | D1: =Summary!B1 -> PL2 Guardian | H1: 1-No action, 2 clarify…
B2: Issues Register
B3: Last Reviewed: 03/01/2026
B4: Something that is going wrong on your project and needs to be managed. Failure to manage issues may result in a poor delivery or even failure. The log includes a description of each issue, the impact it is having, its seriousness and actions needed to contain and remove it.
B5: ID | C5: Date Raised | D5: Issue Description | E5: Impact Description | F5: Impact | G5: Priority | H5: Mitigation Plan | I5: Owner | J5: Status | K5: Comments
B6: 1 | D6: As a result of exp 1, it is not possible to communicate with X using Y | E6: It is imposssible as documented... | F6: High | G6: High | H6: 3 - Req manager will ask the client further clarification of "UC NNN - comunicate with X" | J6: Open
B7: 2 | K7: Moved to Assump:1
B8: 3
B9: 4
B10: 5
B11: 6
B12: 7
B13: 8
B14: 9
B15: 10

Sheet Assumptions
B1: Project Name: | D1: =Summary!B1 -> PL2 Guardian
B2: Assumptions
B3: Last Reviewed: {date}
B4: Any factors that you are assuming to be in place that will contribute to the successful result of your project. The log includes details of the assumption, the reason it is assumed and the action needed to confirm whether the assumption is valid.
B5: ID | C5: Date Raised | D5: Assumption Description | E5: Reason for Assumption | F5: Action to Validate | G5: Impact if Assumption Incorrect | H5: Status
B6: 1
B7: 2
B8: 3
B9: 4
B10: 5
B11: 6
B12: 7
B13: 8
B14: 9
B15: 10

Sheet Dependencies
B1: Project Name: | D1: =Summary!B1 -> PL2 Guardian
B2: Dependencies
B3: Last Reviewed: {date}
B4: Any event or work that are either dependent on the result of your project, or your project will depend on. The log captures who you are dependent on, what they should deliver and when. It may also include who is dependent on you.
B5: ID | C5: Date Raised | D5: Dependency Description | E5: Location | F5: Deliverables | G5: Delivery Date | H5: Importance | I5: Status | J5: Comments
B6: 1 | D6: Internet | H6: HIGH
B7: 2 | D7: Serviço Cloud de ML | H7: HIGH
B8: 3 | D8: Serviço Cloud de envio de notificações | H8: HIGH
B9: 4 | D9: Sensores IoT | H9: HIGH
B10: 5 | D10: Home Assistant (App) | H10: HIGH
B11: 6 | D11: Hardware (Raspberry Pi) | H11: HIGH
B12: 7
B13: 8
B14: 9
B15: 10

Sheet ASR
A1: Project Name: | B1: Guardian | C1: =Summary!B1 -> PL2 Guardian
A2: Risk Register
A3: Last Reviewed: | B3: 45966 | C3: {date}
A4: ID | B4: Name | C4: Type | D4: Priority | E4: Comments | F4: Validation | G4: NumberRelations
A5: R1 | B5: Ativar Corredor de Iluminação | C5: UC | D5: High | E5: Ativar uma iluminação suave e indireta num percurso predefinido assim que o Idoso abandona o leito durante a noite. | G5: =COUNTIF('Relations'!$A$6:$A$102,ASR!A5) -> 1
A6: R2 | B6: Ativar Despertar | C6: UC | D6: Low | E6: Simular o nascer do sol para proporcionar um despertar natural. | G6: =COUNTIF('Relations'!$A$6:$A$102,ASR!A6) -> 1
A7: R3 | B7: Emitir Lembrete Visual | C7: UC | D7: Medium | E7: Ativar sinalética visual discreta em horário programado para apoiar o Idoso nas suas rotinas. | G7: =COUNTIF('Relations'!$A$6:$A$102,ASR!A7) -> 0
A8: R4 | B8: Gerir Clima | C8: UC | D8: Medium | E8: Monitorizar proativamente a temperatura ambiente para manter o conforto e alertar o Cuidador em caso de risco. | G8: =COUNTIF('Relations'!$A$6:$A$102,ASR!A8) -> 1
A9: R5 | B9: Notificar Cuidador sobre Anomalia Comportamental | C9: UC | D9: High | E9: Machine learning permite identificar um desvio significativo no perfil comportamental de referência do Idoso (ex: inatividade) e notifica o Cuidador. | G9: =COUNTIF('Relations'!$A$6:$A$102,ASR!A9) -> 2
A10: R6 | B10: Gerir Automações (Interface do Idoso) | C10: UC | D10: Medium | E10: O Idoso ativa/desativa funcionalidades proativas numa interface simplificada. | G10: =COUNTIF('Relations'!$A$6:$A$102,ASR!A10) -> 1
A11: R7 | B11: Consultar Painel de Tranquilidade (Interface do Cuidador) | C11: UC | D11: High | E11: O Cuidador verifica o estado geral do Idoso. | G11: =COUNTIF('Relations'!$A$6:$A$102,ASR!A11) -> 0
A12: R8 | B12: Autenticar Cuidador | C12: UC | D12: High | E12: O Cuidador autentica-se para aceder ao painel (R7) e configurar lembretes (R9). | G12: =COUNTIF('Relations'!$A$6:$A$102,ASR!A12) -> 0
A13: R9 | B13: Configurar Lembretes (Interface do Cuidador) | C13: UC | D13: Low | E13: O Cuidador agenda lembretes visuais para o Idoso (executados em R3) | G13: =COUNTIF('Relations'!$A$6:$A$102,ASR!A13) -> 1
A14: R10 | B14: Associar Cuidador ao Idoso | C14: UC | D14: High | E14: O sistema permite que o Cuidador se associe a um Idoso. | G14: =COUNTIF('Relations'!$A$6:$A$102,ASR!A14) -> 0
A15: R11 | B15: Confiabilidade do Sistema - Realiability | C15: QAS | D15: High | E15: Capacidade do sistema de operar sem falhar. | G15: =COUNTIF('Relations'!$A$6:$A$102,ASR!A15) -> 1
A16: R12 | B16: Disponibilidade do sistema - Availability | C16: QAS | D16: High | E16: Proporção de tempo operacional, especialmente nos serviços de monitorização. | G16: =COUNTIF('Relations'!$A$6:$A$102,ASR!A16) -> 0
... A27: R23 | B27: Baixo Custo de Implementação | C27: BC | D27: Medium | E27: Usar hardware de baixo custo (≤150 € por instalação), manter custos operacionais reduzidos (≤10 €/mês/utilizador) e basear-se em tecnologias open-source. | G27: =COUNTIF('Relations'!$A$6:$A$102,ASR!A27) -> 0
A28: R24 | B28: Idoso | C28: AC | E28: Utilizador principal que interage com o sistema para receber alertas, lembretes e conforto. | G28: =COUNTIF('Relations'!$A$6:$A$102,ASR!A28) -> 0
A29: R25 | B29: Cuidador | C29: AC | E29: Utilizador que monitoriza e gerencia o sistema, garantindo segurança e bem-estar do Idoso. | G29: =COUNTIF('Relations'!$A$6:$A$102,ASR!A29) -> 0
B30: Sistema | C30: AC | E30: Controla o ambiente da residência e supervisiona o conforto, bem-estar e segurança do Idoso, informando o Cuidador quando necessário. | G30: =COUNTIF('Relations'!$A$6:$A$102,ASR!A30) -> 0
G31: =COUNTIF('Relations'!$A$6:$A$102,ASR!A31) -> 0
G32: =COUNTIF('Relations'!$A$6:$A$102,ASR!A32) -> 0
G33: =COUNTIF('Relations'!$A$6:$A$102,ASR!A33) -> 0
G34: =COUNTIF('Relations'!$A$6:$A$102,ASR!A34) -> 0
G35: =COUNTIF('Relations'!$A$6:$A$102,ASR!A35) -> 0
G36: =COUNTIF('Relations'!$A$6:$A$102,ASR!A36) -> 0
G37: =COUNTIF('Relations'!$A$6:$A$102,ASR!A37) -> 0
G38: =COUNTIF('Relations'!$A$6:$A$102,ASR!A38) -> 0
G39: =COUNTIF('Relations'!$A$6:$A$102,ASR!A39) -> 0
G40: =COUNTIF('Relations'!$A$6:$A$102,ASR!A40) -> 0
G41: =COUNTIF('Relations'!$A$6:$A$102,ASR!A41) -> 0
G42: =COUNTIF('Relations'!$A$6:$A$102,ASR!A42) -> 0
... G44: =COUNTIF('Relations'!$A$6:$A$102,ASR!A44) -> 0

Sheet ARCH
A1: PL | B1: =Summary!B1 -> PL2 Guardian
A4: ID | B4: Name | C4: Type | D4: Comments | E4: NumberRelations
A5: A1 | B5: Persistence Plugin | C5: COMP | D5: Plugin de acesso à base de dados | E5: =COUNTIF('Relations'!$C$6:$C$102,A5) -> 1
A6: A2 | B6: Safety & Climate Plugin | C6: COMP | D6: Decide as me | E6: =COUNTIF('Relations'!$C$6:$C$102,A6) -> 4
A7: A3 | B7: ML Plugin | C7: COMP | D7: Gerneciador do Machine Learning do Sistema | E7: =COUNTIF('Relations'!$C$6:$C$102,A7) -> 1
A8: A4 | B8: HA Integration Plugin | C8: COMP | D8: Ponte parao Home Assistant | E8: =COUNTIF('Relations'!$C$6:$C$102,A8) -> 1
A9: A5 | B9: API Gateway Plugin | C9: COMP | D9: Envia e recebe dados das interface dos utilizadores | E9: =COUNTIF('Relations'!$C$6:$C$102,A9) -> 1
A10: A6 | B10: Schedular Service | C10: COMP | D10: Service para agendar horários nas funcionalidades que envolvem tempo | E10: =COUNTIF('Relations'!$C$6:$C$102,A10) -> 0
A11: A7 | B11: Event Bus | C11: COMP | D11: Componente principal de publish-subscribe | E11: =COUNTIF('Relations'!$C$6:$C$102,A11) -> 1
A12: A8 | B12: Plugin Manager | C12: COMP | D12: Monitoriza cosntantemente todos os plugins | E12: =COUNTIF('Relations'!$C$6:$C$102,A12) -> 1
A13: A9 | B13: Caregiver Interface | C13: COMP | D13: Interface do cuidador | E13: =COUNTIF('Relations'!$C$6:$C$102,A13) -> 1
A14: A10 | B14: Elderly Interface | C14: COMP | D14: Interface do idoso | E14: =COUNTIF('Relations'!$C$6:$C$102,A14) -> 1
E15: =COUNTIF('Relations'!$C$6:$C$102,A15) -> 0
E16: =COUNTIF('Relations'!$C$6:$C$102,A16) -> 0
E17: =COUNTIF('Relations'!$C$6:$C$102,A17) -> 0
E18: =COUNTIF('Relations'!$C$6:$C$102,A18) -> 0
E19: =COUNTIF('Relations'!$C$6:$C$102,A19) -> 0
E20: =COUNTIF('Relations'!$C$6:$C$102,A20) -> 0
E21: =COUNTIF('Relations'!$C$6:$C$102,A21) -> 0
E22: =COUNTIF('Relations'!$C$6:$C$102,A22) -> 0
E23: =COUNTIF('Relations'!$C$6:$C$102,A23) -> 0
E24: =COUNTIF('Relations'!$C$6:$C$102,A24) -> 0

Sheet Relations
A1: PL | B1: =Summary!B1 -> PL2 Guardian
A4: Architecture Significant Requirements | C4: Architecture elements | E4: Traceability
A5: Req ID | B5: Req Name | C5: Arch ID | D5: Arch Name | E5: How (ASR->ARCH) | F5: Why (ARCH->ASR) | G5: Comments
A6: R1 | B6: =_xlfn.IFNA(VLOOKUP(A6,ASR[[#All],[ID]:[Name]],2,FALSE),"") -> Ativar Corredor de Iluminação | C6: A2 | D6: =_xlfn.IFNA(VLOOKUP(C6,Arch[[#All],[ID]:[Name]],2,FALSE),"") -> Safety & Climate Plugin | E6: Subscreve o evento "movimento" no Event Bus e publica o comando "ligar_luz" de forma assíncrona. | F6: Centraliza a lógica de decisão crítica num plugin isolado, garantindo resposta rápida (<500ms) sem bloqueios.
A7: R2 | B7: =_xlfn.IFNA(VLOOKUP(A7,ASR[[#All],[ID]:[Name]],2,FALSE),"") -> Ativar Despertar | C7: A2 | D7: =_xlfn.IFNA(VLOOKUP(C7,Arch[[#All],[ID]:[Name]],2,FALSE),"") -> Safety & Climate Plugin | E7: Recebe triggers temporais do Scheduler Service e ajusta gradualmente a intensidade da luz via comandos para o HA Plugin. | F7: Permite a execução de automações temporais complexas sem bloquear o loop principal do sistema.
A8: R4 | B8: =_xlfn.IFNA(VLOOKUP(A8,ASR[[#All],[ID]:[Name]],2,FALSE),"") -> Gerir Clima | C8: A2 | D8: =_xlfn.IFNA(VLOOKUP(C8,Arch[[#All],[ID]:[Name]],2,FALSE),"") -> Safety & Climate Plugin | E8: Monitoriza eventos de temperatura e atua sobre termostatos quando os limiares configurados no Config Service são ultrapassados. | F8: Mantém o conforto térmico de forma autónoma e resiliente.
A9: R5 | B9: =_xlfn.IFNA(VLOOKUP(A9,ASR[[#All],[ID]:[Name]],2,FALSE),"") -> Notificar Cuidador sobre Anomalia Comportamental | C9: A2 | D9: =_xlfn.IFNA(VLOOKUP(C9,Arch[[#All],[ID]:[Name]],2,FALSE),"") -> Safety & Climate Plugin | E9: Deteta situações de risco imediato e envia alertas críticos via API Gateway. | F9: Garante que situações de vida ou morte têm um canal de notificação prioritário e imediato
A10: R5 | B10: =_xlfn.IFNA(VLOOKUP(A10,ASR[[#All],[ID]:[Name]],2,FALSE),"") -> Notificar Cuidador sobre Anomalia Comportamental | C10: A3 | D10: =_xlfn.IFNA(VLOOKUP(C10,Arch[[#All],[ID]:[Name]],2,FALSE),"") -> ML Plugin | E10: Analisa padrões de longo prazo (ex: inatividade) e gera alertas assíncronos para a App do Cuidador. | F10: Separa a análise pesada (ML) da atuação crítica (Safety), garantindo que o processamento de dados não atrasa reações urgentes.
A11: R14 | B11: =_xlfn.IFNA(VLOOKUP(A11,ASR[[#All],[ID]:[Name]],2,FALSE),"") -> Integração do Home Assistant - Integrability | C11: A4 | D11: =_xlfn.IFNA(VLOOKUP(C11,Arch[[#All],[ID]:[Name]],2,FALSE),"") -> HA Integration Plugin | E11: Atua como um Wrapper/Adapter da API WebSocket do Home Assistant, normalizando eventos para o formato interno. | F11: Isola o sistema de alterações externas (Breaking Changes) no HA, protegendo o núcleo de instabilidade.
A12: R16 | B12: =_xlfn.IFNA(VLOOKUP(A12,ASR[[#All],[ID]:[Name]],2,FALSE),"") -> Segurança e proteção dos dados - Security | C12: A5 | D12: =_xlfn.IFNA(VLOOKUP(C12,Arch[[#All],[ID]:[Name]],2,FALSE),"") -> API Gateway Plugin | E12: Implementa autenticação JWT e encriptação TLS 1.3 em todos os endpoints expostos às interfaces móveis. | F12: Garante que apenas utilizadores autorizados acedem aos dados e que a comunicação na rede local é segura.
A13: R13 | B13: =_xlfn.IFNA(VLOOKUP(A13,ASR[[#All],[ID]:[Name]],2,FALSE),"") -> Desempenho do sistema - Performance | C13: A7 | D13: =_xlfn.IFNA(VLOOKUP(C13,Arch[[#All],[ID]:[Name]],2,FALSE),"") -> Event Bus | E13: Implementa um broker de mensagens Pub/Sub (MQTT/In-memory) que permite comunicação não-bloqueante entre componentes. | F13: Assegura que múltiplos componentes (Safety, ML, Log) processam o mesmo evento em paralelo, minimizando a latência global.
A14: R11 | B14: =_xlfn.IFNA(VLOOKUP(A14,ASR[[#All],[ID]:[Name]],2,FALSE),"") -> Confiabilidade do Sistema - Realiability | C14: A8 | D14: =_xlfn.IFNA(VLOOKUP(C14,Arch[[#All],[ID]:[Name]],2,FALSE),"") -> Plugin Manager | E14: Monitoriza (Watchdog) o estado dos processos dos plugins e reinicia-os automaticamente em caso de falha (Crash). | F14: Garante a recuperação automática (Self-Healing) e isolamento de falhas, impedindo que um erro num plugin derrube o sistema.
A15: R9 | B15: =_xlfn.IFNA(VLOOKUP(A15,ASR[[#All],[ID]:[Name]],2,FALSE),"") -> Configurar Lembretes (Interface do Cuidador) | C15: A9 | D15: =_xlfn.IFNA(VLOOKUP(C15,Arch[[#All],[ID]:[Name]],2,FALSE),"") -> Caregiver Interface | E15: Apresenta um formulário intuitivo na App Móvel que envia configurações via API segura para o Core. | F15: Permite a configuração remota do sistema sem necessidade de acesso físico ao dispositivo, melhorando a usabilidade.
A16: R6 | B16: =_xlfn.IFNA(VLOOKUP(A16,ASR[[#All],[ID]:[Name]],2,FALSE),"") -> Gerir Automações (Interface do Idoso) | C16: A10 | D16: =_xlfn.IFNA(VLOOKUP(C16,Arch[[#All],[ID]:[Name]],2,FALSE),"") -> Elderly Interface | E16: Disponibiliza uma PWA simplificada com botões grandes e alto contraste para controlo direto das funcionalidades. | F16: Reduz a carga cognitiva para o utilizador idoso, garantindo acessibilidade e facilidade de uso (Usability).
A17: R16 | B17: =_xlfn.IFNA(VLOOKUP(A17,ASR[[#All],[ID]:[Name]],2,FALSE),"") -> Segurança e proteção dos dados - Security | C17: A1 | D17: =_xlfn.IFNA(VLOOKUP(C17,Arch[[#All],[ID]:[Name]],2,FALSE),"") -> Persistence Plugin | E17: Grava todos os eventos críticos na base de dados local (SQLite) de forma encriptada/segura. | F17: Garante a privacidade (Data Minimization) mantendo dados sensíveis na Edge e assegura auditoria futura.
B19: =_xlfn.IFNA(VLOOKUP(A19,ASR[[#All],[ID]:[Name]],2,FALSE),"") | D19: =_xlfn.IFNA(VLOOKUP(C19,Arch[[#All],[ID]:[Name]],2,FALSE),"")
B20: =_xlfn.IFNA(VLOOKUP(A20,ASR[[#All],[ID]:[Name]],2,FALSE),"") | D20: =_xlfn.IFNA(VLOOKUP(C20,Arch[[#All],[ID]:[Name]],2,FALSE),"")
B21: =_xlfn.IFNA(VLOOKUP(A21,ASR[[#All],[ID]:[Name]],2,FALSE),"") | D21: =_xlfn.IFNA(VLOOKUP(C21,Arch[[#All],[ID]:[Name]],2,FALSE),"")
B22: =_xlfn.IFNA(VLOOKUP(A22,ASR[[#All],[ID]:[Name]],2,FALSE),"") | D22: =_xlfn.IFNA(VLOOKUP(C22,Arch[[#All],[ID]:[Name]],2,FALSE),"")
B23: =_xlfn.IFNA(VLOOKUP(A23,ASR[[#All],[ID]:[Name]],2,FALSE),"") | D23: =_xlfn.IFNA(VLOOKUP(C23,Arch[[#All],[ID]:[Name]],2,FALSE),"")
B24: =_xlfn.IFNA(VLOOKUP(A24,ASR[[#All],[ID]:[Name]],2,FALSE),"") | D24: =_xlfn.IFNA(VLOOKUP(C24,Arch[[#All],[ID]:[Name]],2,FALSE),"")
B25: =_xlfn.IFNA(VLOOKUP(A25,ASR[[#All],[ID]:[Name]],2,FALSE),"") | D25: =_xlfn.IFNA(VLOOKUP(C25,Arch[[#All],[ID]:[Name]],2,FALSE),"")
B26: =_xlfn.IFNA(VLOOKUP(A26,ASR[[#All],[ID]:[Name]],2,FALSE),"") | D26: =_xlfn.IFNA(VLOOKUP(C26,Arch[[#All],[ID]:[Name]],2,FALSE),"")
B27: =_xlfn.IFNA(VLOOKUP(A27,ASR[[#All],[ID]:[Name]],2,FALSE),"") | D27: =_xlfn.IFNA(VLOOKUP(C27,Arch[[#All],[ID]:[Name]],2,FALSE),"")
B28: =_xlfn.IFNA(VLOOKUP(A28,ASR[[#All],[ID]:[Name]],2,FALSE),"") | D28: =_xlfn.IFNA(VLOOKUP(C28,Arch[[#All],[ID]:[Name]],2,FALSE),"")
B29: =_xlfn.IFNA(VLOOKUP(A29,ASR[[#All],[ID]:[Name]],2,FALSE),"") | D29: =_xlfn.IFNA(VLOOKUP(C29,Arch[[#All],[ID]:[Name]],2,FALSE),"")
B30: =_xlfn.IFNA(VLOOKUP(A30,ASR[[#All],[ID]:[Name]],2,FALSE),"") | D30: =_xlfn.IFNA(VLOOKUP(C30,Arch[[#All],[ID]:[Name]],2,FALSE),"")
... B102: =_xlfn.IFNA(VLOOKUP(A102,ASR[[#All],[ID]:[Name]],2,FALSE),"") | D102: =_xlfn.IFNA(VLOOKUP(C102,Arch[[#All],[ID]:[Name]],2,FALSE),"")
